{
    "componentBgColor": {
        "type": "color",
        "r": 56,
        "g": 68,
        "b": 82,
        "o": 1
    },
    "focusItemBackground": {
        "type": "color",
        "r": 44,
        "g": 96,
        "b": 198
    },
    "focusItemColor": {
        "type": "color",
        "r": 255,
        "g": 255,
        "b": 255
    },
    "focusItemIconColor": {
        "type": "color",
        "r": 255,
        "g": 255,
        "b": 255
    },
    "overlayOpacity": {
        "type": "number",
        "value": 0.5
    },
    "styledTextColor": {
        "type": "color",
        "r": 56,
        "g": 68,
        "b": 82
    },
    "styledBackgroundColor": {
        "type": "color",
        "r": 87,
        "g": 106,
        "b": 122,
        "o": 0.4
    },
    "panelOpacity": {
        "type": "number",
        "value": 0.6
    },
    "normalTextColor": {
        "type": "color",
        "r": 255,
        "g": 255,
        "b": 255
    },
    "additionalTextColor": {
        "type": "color",
        "r": 255,
        "g": 255,
        "b": 255,
        "o": 1
    },
    "mainPanelOpacity": {
        "type": "number",
        "value": 0.97
    },
    "bodyBgFilename": {
        "type": "string",
        "value": "bg.jpg"
    },
    "amountColor": {
        "type": "color",
        "r": 58,
        "g": 58,
        "b": 58
    },
    "amountOpacity": {
        "type": "number",
        "value": 0.4
    },
    "activeIconColor": {
        "type": "color",
        "r": 254,
        "g": 197,
        "b": 0
    },
    "titleTextColor": {
        "type": "color",
        "r": 254,
        "g": 197,
        "b": 0
    },
    "colorWarning": {
        "type": "color",
        "r": 255,
        "g": 174,
        "b": 0
    },
    "colorSuccess": {
        "type": "color",
        "r": 112,
        "g": 230,
        "b": 8
    },
    "colorError": {
        "type": "color",
        "r": 245,
        "g": 106,
        "b": 63
    },
    "valueListBorderColor": {
        "type": "color",
        "r": 254,
        "g": 197,
        "b": 0
    },
    "subHeadColor": {
        "type": "color",
        "r": 255,
        "g": 215,
        "b": 0
    },
    "disabledTextColor": {
        "type": "color",
        "r": 255,
        "g": 255,
        "b": 255,
        "o": 0.5
    },
    "backgroundColorMix": {
        "type": "color",
        "r": 58,
        "g": 70,
        "b": 83
    },
    "epgGridMain": {
        "type": "color",
        "r": 22,
        "g": 37,
        "b": 51,
        "o": 0.8
    },
    "epgGridFocusedMain": {
        "type": "color",
        "r": 48,
        "g": 83,
        "b": 109,
        "o": 0.67
    },
    "epgTimelineColor": {
        "type": "color",
        "r": 252,
        "g": 209,
        "b": 33
    },
    "epgGridDefault": {
        "type": "color",
        "r": 54,
        "g": 69,
        "b": 81,
        "o": 0.8
    },
    "epgGridPast": {
        "type": "color",
        "r": 63,
        "g": 77,
        "b": 89
    },
    "epgGridFocused": {
        "type": "color",
        "r": 0,
        "g": 98,
        "b": 200
    },
    "epgGridCurrent": {
        "type": "color",
        "r": 87,
        "g": 106,
        "b": 122,
        "o": 0.85
    },
    "epgGridNoDataColor": {
        "type": "color",
        "r": 255,
        "g": 255,
        "b": 255,
        "o": 0.2
    },
    "epgGridNoDataBackground": {
        "type": "color",
        "r": 54,
        "g": 69,
        "b": 81,
        "o": 0.8
    },
    "epgGridTimeShift": {
        "type": "color",
        "r": 131,
        "g": 147,
        "b": 158,
        "o": 0.45
    },
    "amountBgColor": {
        "type": "color",
        "r": 255,
        "g": 255,
        "b": 255,
        "o": 0.4
    }
}
