{"options":{"pluginsPath":"../../","appsPackagesPath":"../../../"},"themes":{"magcore-theme-graphite":"2.2.2"},"apps":[{"name":"Youtube","description":"Youtube.com is a world famous video hosting, which allows users to watch, upload and share videos with their friends.","type":"launcher","category":"apps","uris":{"app":"/","entry":"index.html","icons":{"480":{"logoNormal":"img/480/normal.png","logoActive":"img/480/active.png"},"576":{"logoNormal":"img/576/normal.png","logoActive":"img/576/active.png"},"720":{"logoNormal":"img/720/normal.png","logoActive":"img/720/active.png"},"1080":{"logoNormal":"img/1080/normal.png","logoActive":"img/1080/active.png"}}},"colors":{"splashFont":"#fff","splashBackground":"#c12226"},"resource":"video","version":"3.0.9","packageName":"magcore-app-youtube","dependencies":{"magcore-app-player":"^3.0.0","magcore-core":"^2.7.0","magcore-plugin-youtube-dl":"^1.1.2"}},{"type":"system","name":"oynatıcı","unique":true,"actions":{"play":["content/video","content/audio","content/media"]},"uris":{"app":"/","entry":"index.html"},"version":"3.5.0","packageName":"magcore-app-player","dependencies":{"magcore-core":"^3.7.23","magcore-osd-base":"^2.0.0","magcore-osd-pip":"^2.0.0","magcore-plugin-settings-audio":"^2.3.0","magcore-plugin-settings-standby":"^0.1.5","magcore-plugin-timeshift":"^1.1.3"}},{"type":"osd","name":"osd","actions":{"volume":true},"uris":{"app":"app","entry":"index.html"},"version":"2.2.4","packageName":"magcore-osd-base","dependencies":{"magcore-core":"3.2.6","magcore-plugin-fs":"2.3.3","magcore-plugin-settings-audio":"2.0.5"}},{"name":"youtubeDL","type":"plugin","uris":{"app":"/","entry":"index.js"},"version":"1.1.3","packageName":"magcore-plugin-youtube-dl","dependencies":{"magcore-core":"^2.0.0"}},{"name":"fs","type":"plugin","version":"2.3.7","packageName":"magcore-plugin-fs","uris":{"app":"/"},"dependencies":{"magcore-core":"^3.0.0"}},{"type":"osd","name":"osd-pip","actions":{"pip":true},"unique":true,"uris":{"app":"app","entry":"index.html"},"version":"2.2.2","packageName":"magcore-osd-pip","dependencies":{}},{"type":"plugin","name":"settingsAudio","daemon":true,"tuner":true,"uris":{"app":"/","entry":"release.js"},"platforms":{"exclude":{"emulator":"*"}},"version":"2.3.3","packageName":"magcore-plugin-settings-audio","dependencies":{"magcore-plugin-settings-stalker":"^1.3.7"}},{"name":"standby","type":"plugin","daemon":true,"tuner":true,"version":"0.1.6","packageName":"magcore-plugin-settings-standby","uris":{"app":"/"},"dependencies":{}},{"type":"plugin","name":"timeshift","tuner":true,"uris":{"app":"app","entry":"index.min.js"},"platforms":{"exclude":{"emulator":"*","emulator_stb":"*"}},"version":"1.2.1","packageName":"magcore-plugin-timeshift","dependencies":{"magcore-plugin-settings-stalker":"^1.3.0"}}]}